"person_id","first_name","last_name","email","phone_number","date_of_birth"
1,"Sandra","Emeline","semeline0@spotify.com","871-725-0106","1976-08-11"
2,"Quillan","Biggam","qbiggam1@homestead.com","937-675-8125","1960-09-12"
3,"Egor","Esmond","eesmond2@loc.gov","286-204-7610","1973-05-19"
4,"Cyb","Ashbey","cashbey3@t-online.de","638-555-2316","1986-05-16"
5,"Cathrine","Petrolli","cpetrolli4@creativecommons.org","661-983-1512","1960-07-28"
6,"Shina","Pinnigar","spinnigar5@springer.com","776-654-8165","1986-07-21"
7,"Rosalinda","Ruslinge","rruslinge6@51.la","784-690-4949","1958-07-29"
8,"Noelyn","Denes","ndenes7@craigslist.org","675-737-4741","1964-01-24"
9,"Carolann","Stanbury","cstanbury8@dailymotion.com","140-173-0936","2003-06-22"
10,"Reagan","Kennsley","rkennsley9@tinypic.com","356-336-9000","1956-02-07"
11,"Tucker","Matusiak","tmatusiaka@a8.net","158-244-4583","1976-07-22"
12,"Erastus","Delgado","edelgadob@answers.com","330-929-6756","1960-07-26"
13,"Elyssa","Marsy","emarsyc@mayoclinic.com","873-570-0781","2000-02-04"
14,"Dosi","Mobberley","dmobberleyd@google.ca","593-821-8773","1968-04-23"
15,"Lucila","Loud","lloude@quantcast.com","919-970-1193","1961-12-13"
16,"Dyane","Bolus","dbolusf@unc.edu","457-604-3521","2007-01-23"
17,"Jourdan","Gerald","jgeraldg@mac.com","224-732-7961","2009-02-03"
18,"Harcourt","Redley","hredleyh@zdnet.com","608-321-0116","1993-12-20"
19,"Sigismond","Shambroke","sshambrokei@bbb.org","657-959-4790","2004-06-07"
20,"Sybil","Agglione","sagglionej@yellowpages.com","831-960-5383","1974-10-01"
21,"Cosmo","Shirlaw","cshirlawk@cnbc.com","227-535-3961","1957-07-31"
22,"Milo","Kaines","mkainesl@theglobeandmail.com","232-102-0361","1969-07-05"
23,"Maximilian","Salsbury","msalsburym@homestead.com","439-998-6630","1977-04-21"
24,"Jared","Dun","jdunn@de.vu","274-953-2973","1961-05-02"
25,"Rodney","Tocqueville","rtocquevilleo@netlog.com","290-570-4223","1968-04-25"
26,"Lesley","McLeoid","lmcleoidp@oakley.com","858-975-2785","1956-02-07"
27,"Tiphany","Mottershead","tmottersheadq@dedecms.com","971-102-5725","1986-03-23"
28,"Val","Ennor","vennorr@twitter.com","640-589-0420","2008-07-01"
29,"Sada","Shavel","sshavels@free.fr","191-359-7200","1982-12-15"
30,"Moreen","Mees","mmeest@washington.edu","305-848-0723","1966-05-01"
31,"Quintin","Lovelady","qloveladyu@chronoengine.com","948-393-1217","1966-02-10"
32,"Jobey","Leighfield","jleighfieldv@google.cn","192-415-8038","1991-03-04"
33,"Morris","Piggford","mpiggfordw@odnoklassniki.ru","555-877-3919","1999-08-05"
34,"Giorgi","Vigus","gvigusx@noaa.gov","223-847-7925","1992-10-14"
35,"Jobye","Bankhurst","jbankhursty@so-net.ne.jp","719-461-5343","1988-04-25"
36,"Gloriane","Husband","ghusbandz@digg.com","655-520-9914","1974-10-30"
37,"Emylee","Beric","eberic10@51.la","710-773-5185","1964-08-13"
38,"Danice","Pugh","dpugh11@multiply.com","402-526-0031","1956-04-12"
39,"Elsinore","Teek","eteek12@msn.com","744-432-7480","1978-01-13"
40,"Josee","Augie","jaugie13@flavors.me","801-906-1781","1999-09-17"
41,"Briano","Sorel","bsorel14@networkadvertising.org","556-752-4466","1966-03-16"
42,"Austine","Jacquemy","ajacquemy15@cdc.gov","352-935-2061","1954-02-06"
43,"Fairfax","Scrafton","fscrafton16@intel.com","330-100-9971","1963-05-11"
44,"Bobbee","Whawell","bwhawell17@reference.com","435-887-8724","2003-11-27"
45,"Laurie","Ussher","lussher18@nih.gov","778-199-0493","2009-04-14"
46,"Hettie","Beddingham","hbeddingham19@example.com","596-157-1271","1996-06-14"
47,"Fergus","Akester","fakester1a@usgs.gov","963-332-0708","1979-10-12"
48,"Flory","Libri","flibri1b@seesaa.net","588-844-5587","2008-11-08"
49,"Quincey","Bortolussi","qbortolussi1c@google.com.hk","573-650-7746","1969-06-18"
50,"Rudolph","Herrieven","rherrieven1d@hostgator.com","900-643-7174","2000-10-19"
51,"Butch","Brands","bbrands1e@yahoo.co.jp","192-112-9055","1955-03-29"
52,"Cesaro","Hanhardt","chanhardt1f@jimdo.com","245-172-0267","1987-10-16"
53,"Felicia","MacGhee","fmacghee1g@cloudflare.com","543-465-1275","1955-05-16"
54,"Allin","Connor","aconnor1h@prlog.org","409-586-9054","1971-05-24"
55,"Patty","Kinkead","pkinkead1i@auda.org.au","871-899-6094","1958-10-10"
56,"Munroe","Paule","mpaule1j@sun.com","216-518-3096","1996-03-27"
57,"Lucille","Rawsthorne","lrawsthorne1k@loc.gov","448-287-7480","1970-01-20"
58,"Jeanne","Matteini","jmatteini1l@chronoengine.com","513-826-3648","1983-08-07"
59,"Noemi","Cripps","ncripps1m@gizmodo.com","186-526-0999","1989-07-31"
60,"Si","Cudmore","scudmore1n@skype.com","413-869-8032","2008-09-20"
61,"Esra","Vardon","evardon1o@disqus.com","708-375-5197","1979-12-04"
62,"Vincenz","Mattheus","vmattheus1p@abc.net.au","575-547-5903","2003-06-09"
63,"Moira","Sandhill","msandhill1q@mayoclinic.com","141-491-3663","1961-10-09"
64,"Misty","Pablos","mpablos1r@kickstarter.com","599-256-5921","1961-03-08"
65,"Shena","Gomersal","sgomersal1s@chron.com","894-455-3998","1985-06-28"
66,"Josephina","Geere","jgeere1t@nationalgeographic.com","775-689-3572","2006-09-19"
67,"Pepillo","Beaumont","pbeaumont1u@free.fr","941-211-4569","1990-07-18"
68,"Hill","MacDowall","hmacdowall1v@deviantart.com","758-820-9813","1977-07-28"
69,"Jerrold","Gogerty","jgogerty1w@wp.com","637-573-0966","1961-07-09"
70,"Georgy","Ambler","gambler1x@over-blog.com","924-581-1150","1980-05-14"
71,"Waverley","Ankers","wankers1y@mozilla.org","456-971-2660","1974-07-11"
72,"Ailene","Burghill","aburghill1z@google.es","427-600-3715","1973-06-16"
73,"Hercule","Spain-Gower","hspaingower20@t.co","675-509-3323","1958-10-27"
74,"Salvador","McGerr","smcgerr21@fema.gov","859-876-5556","1969-02-08"
75,"Leoline","Pellew","lpellew22@army.mil","761-516-9640","1990-01-24"
76,"Gisela","Rankin","grankin23@indiegogo.com","189-682-3013","1992-11-18"
77,"Viv","Gair","vgair24@biblegateway.com","890-400-6807","1988-05-01"
78,"Flora","Pickervance","fpickervance25@usda.gov","603-361-5470","2000-08-05"
79,"Clark","Ivashintsov","civashintsov26@wufoo.com","496-413-5168","1960-08-12"
80,"Wilhelmine","Brussels","wbrussels27@cnet.com","784-452-7067","2009-05-31"
81,"Poul","Rowcastle","prowcastle28@howstuffworks.com","169-214-0754","2004-08-06"
82,"Tracie","Houlden","thoulden29@nsw.gov.au","916-597-0513","1964-12-05"
83,"Currie","Dearth","cdearth2a@goo.ne.jp","191-819-6969","1984-03-26"
84,"Debi","Meeke","dmeeke2b@plala.or.jp","338-238-7711","1997-06-03"
85,"Robinette","Walewicz","rwalewicz2c@apache.org","171-138-6452","1958-09-12"
86,"Godfree","Keveren","gkeveren2d@google.cn","692-190-5264","1960-10-30"
87,"Halette","Redmire","hredmire2e@skyrock.com","324-826-0476","1998-01-03"
88,"Lurette","Chillingsworth","lchillingsworth2f@e-recht24.de","104-384-9634","1990-07-06"
89,"Phelia","Steynor","psteynor2g@vistaprint.com","884-191-2023","2001-03-14"
90,"Bowie","Mc Dermid","bmcdermid2h@examiner.com","272-642-0875","1997-07-13"
91,"Birgitta","Chalkly","bchalkly2i@flickr.com","432-838-8339","1996-03-12"
92,"Cornela","Simonnot","csimonnot2j@angelfire.com","447-657-6909","2006-03-08"
93,"Oona","Creeber","ocreeber2k@prweb.com","618-501-1579","1981-02-08"
94,"Julie","Tapner","jtapner2l@utexas.edu","407-952-3474","2005-06-30"
95,"Cinnamon","Cowlishaw","ccowlishaw2m@storify.com","683-250-1655","1992-12-10"
96,"Claretta","Trowl","ctrowl2n@timesonline.co.uk","217-314-7780","1971-10-07"
97,"Jeremias","Lambricht","jlambricht2o@multiply.com","636-981-8923","1972-07-02"
98,"Stephie","Ahmad","sahmad2p@technorati.com","860-440-8791","2003-10-29"
99,"Dov","Pietersen","dpietersen2q@squarespace.com","247-529-9744","1984-09-02"
100,"Daffi","Ciubutaro","dciubutaro2r@blogs.com","105-139-3574","1956-12-04"
101,"Elliott","McCarry","emccarry2s@hc360.com","881-230-9567","1958-02-06"
102,"Angelia","Petras","apetras2t@wp.com","125-297-4925","2008-10-24"
103,"Lane","Chard","lchard2u@vk.com","564-813-4851","2008-04-30"
104,"Essie","Wormstone","ewormstone2v@webeden.co.uk","663-675-2109","1986-07-27"
105,"Stepha","Starbuck","sstarbuck2w@woothemes.com","631-776-3745","2008-08-03"
106,"Corene","Andre","candre2x@jimdo.com","839-907-5403","2000-05-25"
107,"Sigismondo","Kerridge","skerridge2y@cbslocal.com","309-186-1277","1976-05-12"
108,"Care","Rowles","crowles2z@blinklist.com","428-698-3228","1965-09-07"
109,"Dinnie","Lunney","dlunney30@webeden.co.uk","260-846-7645","1961-08-31"
110,"Dominic","Hablot","dhablot31@tinypic.com","207-907-6706","1995-12-28"
111,"Laetitia","Sealand","lsealand32@thetimes.co.uk","672-618-4771","1963-05-14"
112,"Syd","Buten","sbuten33@webeden.co.uk","896-474-3711","2007-08-24"
113,"Sonnie","Bales","sbales34@webeden.co.uk","829-648-5020","1996-12-26"
114,"Dell","Farfoot","dfarfoot35@posterous.com","981-803-8696","1979-03-24"
115,"Clemmy","Lancaster","clancaster36@nasa.gov","726-449-8561","2000-12-11"
116,"Bobbye","Keningley","bkeningley37@simplemachines.org","102-968-6679","2006-02-25"
117,"Huey","Taggert","htaggert38@hhs.gov","308-250-4684","1989-02-04"
118,"Jerrine","Chilley","jchilley39@twitpic.com","113-384-8372","2004-01-31"
119,"Caralie","Wimms","cwimms3a@imgur.com","696-268-1747","1956-11-18"
120,"Francyne","Levermore","flevermore3b@cyberchimps.com","775-873-2192","1956-09-12"
121,"Corey","Scartifield","cscartifield3c@washington.edu","204-845-2264","1975-02-25"
122,"Rockey","Dohr","rdohr3d@amazon.co.uk","872-874-9073","1975-11-23"
123,"Karen","Kristiansen","kkristiansen3e@wp.com","830-279-1090","1968-01-10"
124,"Esme","Rosling","erosling3f@slate.com","421-448-2434","1956-10-24"
125,"Beitris","Currm","bcurrm3g@blinklist.com","605-234-7114","1976-06-11"
126,"Buckie","Sterricker","bsterricker3h@google.co.jp","638-161-4802","1998-09-21"
127,"Kippie","Kiffe","kkiffe3i@jalbum.net","886-609-3250","1991-10-23"
128,"Edgardo","Worsnup","eworsnup3j@alibaba.com","747-636-2557","2009-05-03"
129,"Lars","Greenly","lgreenly3k@webeden.co.uk","270-681-5383","2008-10-13"
130,"Dario","Rostron","drostron3l@hibu.com","389-698-9795","1995-05-24"
131,"Luce","Waghorne","lwaghorne3m@cisco.com","421-233-3786","1999-02-08"
132,"Vale","Mottinelli","vmottinelli3n@hp.com","465-251-7420","1960-01-15"
133,"Roana","Dillinton","rdillinton3o@acquirethisname.com","975-696-1091","1970-09-12"
134,"Britt","Minchinden","bminchinden3p@apple.com","824-498-3558","1961-09-29"
135,"Leontyne","Crickmore","lcrickmore3q@newyorker.com","622-913-7544","1973-06-18"
136,"Penelope","Greatrex","pgreatrex3r@mapquest.com","679-381-5821","1990-07-14"
137,"Malynda","Vasyunkin","mvasyunkin3s@answers.com","261-282-9425","1970-12-06"
138,"Carmela","Yakobovitz","cyakobovitz3t@blogger.com","746-239-5530","1989-12-19"
139,"Culley","Brazier","cbrazier3u@ed.gov","526-907-4698","1971-05-17"
140,"Dayle","Curnok","dcurnok3v@dropbox.com","916-587-2158","1981-03-10"
141,"Holly-anne","Deplacido","hdeplacido3w@goo.gl","941-252-5640","1968-06-03"
142,"Gwennie","Bernhardi","gbernhardi3x@discuz.net","673-418-4105","1959-01-05"
143,"Kippie","Janous","kjanous3y@fc2.com","821-176-4670","2004-08-30"
144,"Pavlov","Worcs","pworcs3z@who.int","878-938-1807","1956-10-08"
145,"Delaney","Gaughan","dgaughan40@behance.net","290-571-1359","1983-09-16"
146,"Ann","Dawtrey","adawtrey41@answers.com","823-205-5936","2005-03-17"
147,"Dennie","Hailes","dhailes42@bigcartel.com","319-928-5089","1962-10-04"
148,"Tyne","Struther","tstruther43@diigo.com","862-411-3776","1955-05-28"
149,"Ivette","Cortin","icortin44@reverbnation.com","321-396-8448","1962-09-18"
150,"Wainwright","Schumacher","wschumacher45@gnu.org","821-323-0861","2003-01-20"
151,"Tedd","Gwin","tgwin46@ovh.net","458-595-8311","1965-08-11"
152,"Enrichetta","Plaister","eplaister47@geocities.com","475-339-3179","1991-06-17"
153,"Patric","Woolmington","pwoolmington48@amazon.com","428-582-2756","2009-01-08"
154,"Shaina","Dew","sdew49@eventbrite.com","144-505-1644","1970-12-20"
155,"Grannie","McAuley","gmcauley4a@tripadvisor.com","848-915-4618","1983-08-24"
156,"Somerset","Puddan","spuddan4b@topsy.com","691-899-8684","1968-03-31"
157,"Sophia","Fransman","sfransman4c@github.com","231-472-1816","2008-03-27"
158,"Kile","Maps","kmaps4d@ycombinator.com","956-678-6097","1979-06-10"
159,"Carmencita","Lillee","clillee4e@reuters.com","840-319-8532","1968-02-02"
160,"Burtie","Coverley","bcoverley4f@google.pl","163-443-2943","1992-11-07"
161,"Maren","Eger","meger4g@mayoclinic.com","611-132-4780","1988-06-19"
162,"Eugen","Burchatt","eburchatt4h@clickbank.net","998-477-9388","2005-12-23"
163,"Kessiah","Hathaway","khathaway4i@scribd.com","223-924-1218","1971-01-19"
164,"Marya","Cavilla","mcavilla4j@mac.com","349-107-0434","1973-12-28"
165,"Salvatore","Pepler","spepler4k@pcworld.com","110-849-1106","1997-01-18"
166,"Jarrod","Syrie","jsyrie4l@hugedomains.com","525-429-9723","1987-06-05"
167,"Erin","Bonnick","ebonnick4m@linkedin.com","212-178-5443","1958-02-07"
168,"Koenraad","Freschi","kfreschi4n@va.gov","650-163-6475","2004-02-22"
169,"Sigismundo","Biddiss","sbiddiss4o@omniture.com","761-711-8912","1972-01-08"
170,"Humfrid","Isaksson","hisaksson4p@stumbleupon.com","683-945-5888","1980-04-19"
171,"Karalynn","Comar","kcomar4q@economist.com","912-464-6594","1958-08-04"
172,"Pat","Armes","parmes4r@cocolog-nifty.com","127-770-4652","1965-02-26"
173,"Enoch","Fatkin","efatkin4s@storify.com","633-600-5755","2005-03-08"
174,"Fern","Ellesworth","fellesworth4t@networksolutions.com","145-125-0729","1982-04-22"
175,"Brandice","Meeron","bmeeron4u@mapquest.com","656-147-9726","1986-02-25"
176,"Parry","Haliday","phaliday4v@blogtalkradio.com","912-750-7899","1973-12-04"
177,"Rosemonde","Lavens","rlavens4w@bbb.org","803-480-3521","1997-04-02"
178,"Anna-diane","Glanders","aglanders4x@guardian.co.uk","732-846-5248","2003-06-22"
179,"Garwood","Andover","gandover4y@ocn.ne.jp","235-227-9190","1987-02-23"
180,"Koo","Ducket","kducket4z@hostgator.com","998-971-9409","1979-03-26"
181,"Victoria","Bruckman","vbruckman50@amazon.de","754-630-7197","1994-08-23"
182,"Ezekiel","Cresswell","ecresswell51@phpbb.com","155-612-0357","1993-11-30"
183,"Batsheva","Beese","bbeese52@sphinn.com","433-546-7936","1979-03-07"
184,"Josiah","Wimmers","jwimmers53@deliciousdays.com","536-424-8396","1980-02-22"
185,"Tabina","Andretti","tandretti54@intel.com","969-793-2977","1970-08-06"
186,"Carmelina","Tamas","ctamas55@cbc.ca","540-340-8496","1963-09-23"
187,"Grete","Farry","gfarry56@github.com","613-101-7075","2005-07-02"
188,"Zora","Fice","zfice57@cbslocal.com","747-544-3143","2001-12-24"
189,"Regina","Nealy","rnealy58@sohu.com","461-586-0898","1985-01-24"
190,"Royce","Lunam","rlunam59@scientificamerican.com","100-145-1727","1999-07-24"
191,"Shaun","Pargetter","spargetter5a@cdc.gov","193-545-8720","2004-11-21"
192,"Shanan","Cockren","scockren5b@tiny.cc","418-647-2002","1970-07-21"
193,"Renaldo","Stait","rstait5c@icq.com","972-125-6340","2002-08-25"
194,"Lilias","Wilds","lwilds5d@tuttocitta.it","199-346-3806","1957-09-12"
195,"Ignatius","Jeannel","ijeannel5e@microsoft.com","754-408-5512","1971-10-14"
196,"Hortensia","Praten","hpraten5f@go.com","527-220-8773","1991-01-03"
197,"Sharona","Bushel","sbushel5g@altervista.org","457-428-8574","2009-12-13"
198,"Harwell","Vaud","hvaud5h@desdev.cn","548-121-1701","1980-10-28"
199,"Gayelord","Earland","gearland5i@instagram.com","564-749-0354","1987-01-20"
200,"Marthe","Briand","mbriand5j@simplemachines.org","577-205-9186","1968-08-11"
