"member_id","first_name","last_name","email","membership_type","date_joined","expiration_date","city","province_name"
405,"Sandra","Emeline","semeline0@spotify.com","Basic","2023-01-01","2024-01-01","St. John's","Newfoundland and Labrador"
406,"Quillan","Biggam","qbiggam1@homestead.com","Standard","2023-02-15","2023-08-15","St. John's","Newfoundland and Labrador"
407,"Egor","Esmond","eesmond2@loc.gov","Premium","2023-03-10","2024-03-10","St. John's","Newfoundland and Labrador"
408,"Cyb","Ashbey","cashbey3@t-online.de","Student","2023-04-01","2023-08-01","Mount Pearl","Newfoundland and Labrador"
409,"Cathrine","Petrolli","cpetrolli4@creativecommons.org","Senior","2023-05-20","2024-05-20","Corner Brook","Newfoundland and Labrador"
410,"Shina","Pinnigar","spinnigar5@springer.com","Basic","2023-06-01","2024-06-01","Grand Falls-Windsor","Newfoundland and Labrador"
411,"Rosalinda","Ruslinge","rruslinge6@51.la","Standard","2023-07-15","2024-01-15","Gander","Newfoundland and Labrador"
412,"Noelyn","Denes","ndenes7@craigslist.org","Premium","2023-08-10","2024-08-10","Grand Bank","Newfoundland and Labrador"
413,"Carolann","Stanbury","cstanbury8@dailymotion.com","Student","2023-09-01","2024-01-01","Happy Valley-Goose Bay","Newfoundland and Labrador"
414,"Reagan","Kennsley","rkennsley9@tinypic.com","Senior","2023-10-20","2024-10-20","Stephenville","Newfoundland and Labrador"
415,"Tucker","Matusiak","tmatusiaka@a8.net","Basic","2023-11-01","2024-11-01","St. John's","Newfoundland and Labrador"
416,"Erastus","Delgado","edelgadob@answers.com","Standard","2023-12-15","2024-06-15","Mount Pearl","Newfoundland and Labrador"
417,"Elyssa","Marsy","emarsyc@mayoclinic.com","Premium","2024-01-10","2025-01-10","St. John's","Newfoundland and Labrador"
418,"Dosi","Mobberley","dmobberleyd@google.ca","Student","2024-02-01","2024-06-01","St. John's","Newfoundland and Labrador"
419,"Lucila","Loud","lloude@quantcast.com","Senior","2024-03-20","2025-03-20","St. John's","Newfoundland and Labrador"
420,"Dyane","Bolus","dbolusf@unc.edu","Basic","2024-04-01","2025-04-01","Mount Pearl","Newfoundland and Labrador"
421,"Jourdan","Gerald","jgeraldg@mac.com","Standard","2024-05-15","2024-11-15","St. John's","Newfoundland and Labrador"
422,"Harcourt","Redley","hredleyh@zdnet.com","Premium","2024-06-10","2025-06-10","St. John's","Newfoundland and Labrador"
423,"Sigismond","Shambroke","sshambrokei@bbb.org","Student","2024-07-01","2024-11-01","St. John's","Newfoundland and Labrador"
424,"Sybil","Agglione","sagglionej@yellowpages.com","Senior","2024-08-20","2025-08-20","St. John's","Newfoundland and Labrador"
425,"Cosmo","Shirlaw","cshirlawk@cnbc.com","Basic","2024-09-01","2025-09-01","St. John's","Newfoundland and Labrador"
426,"Milo","Kaines","mkainesl@theglobeandmail.com","Standard","2024-10-15","2025-04-15","St. John's","Newfoundland and Labrador"
427,"Maximilian","Salsbury","msalsburym@homestead.com","Premium","2024-11-10","2025-11-10","St. John's","Newfoundland and Labrador"
428,"Jared","Dun","jdunn@de.vu","Student","2024-12-01","2025-04-01","St. John's","Newfoundland and Labrador"
429,"Rodney","Tocqueville","rtocquevilleo@netlog.com","Senior","2025-01-20","2026-01-20","Mount Pearl","Newfoundland and Labrador"
430,"Lesley","McLeoid","lmcleoidp@oakley.com","Basic","2025-02-01","2026-02-01","Carbonear","Newfoundland and Labrador"
431,"Tiphany","Mottershead","tmottersheadq@dedecms.com","Standard","2025-03-15","2025-09-15","Bay Roberts","Newfoundland and Labrador"
432,"Val","Ennor","vennorr@twitter.com","Premium","2025-04-10","2026-04-10","Torbay","Newfoundland and Labrador"
433,"Sada","Shavel","sshavels@free.fr","Student","2025-05-01","2025-09-01","Portugal Cove-St. Philip's","Newfoundland and Labrador"
434,"Moreen","Mees","mmeest@washington.edu","Senior","2025-06-20","2026-06-20","Logy Bay-Middle Cove-Outer Cove","Newfoundland and Labrador"
435,"Quintin","Lovelady","qloveladyu@chronoengine.com","Basic","2025-07-01","2026-07-01","Mount Pearl","Newfoundland and Labrador"
436,"Jobey","Leighfield","jleighfieldv@google.cn","Standard","2025-08-15","2026-02-15","Whitbourne","Newfoundland and Labrador"
437,"Morris","Piggford","mpiggfordw@odnoklassniki.ru","Premium","2025-09-10","2026-09-10","Dildo","Newfoundland and Labrador"
438,"Giorgi","Vigus","gvigusx@noaa.gov","Student","2025-10-01","2026-02-01","Glovertown","Newfoundland and Labrador"
439,"Jobye","Bankhurst","jbankhursty@so-net.ne.jp","Senior","2025-11-20","2026-11-20","Twillingate","Newfoundland and Labrador"
440,"Gloriane","Husband","ghusbandz@digg.com","Basic","2025-12-01","2026-12-01","Fogo","Newfoundland and Labrador"
441,"Emylee","Beric","eberic10@51.la","Standard","2026-01-15","2026-07-15","New-Wes-Valley","Newfoundland and Labrador"
442,"Danice","Pugh","dpugh11@multiply.com","Premium","2026-02-10","2027-02-10","St. John's","Newfoundland and Labrador"
443,"Elsinore","Teek","eteek12@msn.com","Student","2026-03-01","2026-07-01","Mount Pearl","Newfoundland and Labrador"
444,"Josee","Augie","jaugie13@flavors.me","Senior","2026-04-20","2027-04-20","Mount Pearl","Newfoundland and Labrador"
445,"Briano","Sorel","bsorel14@networkadvertising.org","Basic","2026-05-01","2027-05-01","St. John's","Newfoundland and Labrador"
446,"Austine","Jacquemy","ajacquemy15@cdc.gov","Standard","2026-06-15","2026-12-15","St. John's","Newfoundland and Labrador"
447,"Fairfax","Scrafton","fscrafton16@intel.com","Premium","2026-07-10","2027-07-10","Mount Pearl","Newfoundland and Labrador"
448,"Bobbee","Whawell","bwhawell17@reference.com","Student","2026-08-01","2026-12-01","St. John's","Newfoundland and Labrador"
449,"Laurie","Ussher","lussher18@nih.gov","Senior","2026-09-20","2027-09-20","St. John's","Newfoundland and Labrador"
450,"Hettie","Beddingham","hbeddingham19@example.com","Basic","2026-10-01","2027-10-01","St. John's","Newfoundland and Labrador"
451,"Fergus","Akester","fakester1a@usgs.gov","Standard","2026-11-15","2027-05-15","Mount Pearl","Newfoundland and Labrador"
452,"Flory","Libri","flibri1b@seesaa.net","Premium","2026-12-10","2027-12-10","Corner Brook","Newfoundland and Labrador"
453,"Quincey","Bortolussi","qbortolussi1c@google.com.hk","Student","2027-01-01","2027-05-01","Grand Falls-Windsor","Newfoundland and Labrador"
454,"Rudolph","Herrieven","rherrieven1d@hostgator.com","Senior","2027-02-20","2028-02-20","Gander","Newfoundland and Labrador"
455,"Butch","Brands","bbrands1e@yahoo.co.jp","Basic","2027-03-01","2028-03-01","St. John's","Newfoundland and Labrador"
456,"Cesaro","Hanhardt","chanhardt1f@jimdo.com","Standard","2027-04-15","2027-10-15","St. John's","Newfoundland and Labrador"
457,"Felicia","MacGhee","fmacghee1g@cloudflare.com","Premium","2027-05-10","2028-05-10","St. John's","Newfoundland and Labrador"
458,"Allin","Connor","aconnor1h@prlog.org","Student","2027-06-01","2027-10-01","St. John's","Newfoundland and Labrador"
459,"Patty","Kinkead","pkinkead1i@auda.org.au","Senior","2027-07-20","2028-07-20","St. John's","Newfoundland and Labrador"
460,"Munroe","Paule","mpaule1j@sun.com","Basic","2027-08-01","2028-08-01","St. John's","Newfoundland and Labrador"
461,"Lucille","Rawsthorne","lrawsthorne1k@loc.gov","Standard","2027-09-15","2028-03-15","St. John's","Newfoundland and Labrador"
462,"Jeanne","Matteini","jmatteini1l@chronoengine.com","Premium","2027-10-10","2028-10-10","St. John's","Newfoundland and Labrador"
463,"Noemi","Cripps","ncripps1m@gizmodo.com","Student","2027-11-01","2028-03-01","Mount Pearl","Newfoundland and Labrador"
464,"Si","Cudmore","scudmore1n@skype.com","Senior","2027-12-20","2028-12-20","St. John's","Newfoundland and Labrador"
465,"Esra","Vardon","evardon1o@disqus.com","Basic","2028-01-01","2029-01-01","St. John's","Newfoundland and Labrador"
466,"Vincenz","Mattheus","vmattheus1p@abc.net.au","Standard","2028-02-15","2028-08-15","St. John's","Newfoundland and Labrador"
467,"Moira","Sandhill","msandhill1q@mayoclinic.com","Premium","2028-03-10","2029-03-10","Mount Pearl","Newfoundland and Labrador"
468,"Misty","Pablos","mpablos1r@kickstarter.com","Student","2028-04-01","2028-08-01","St. John's","Newfoundland and Labrador"
469,"Shena","Gomersal","sgomersal1s@chron.com","Senior","2028-05-20","2029-05-20","St. John's","Newfoundland and Labrador"
470,"Josephina","Geere","jgeere1t@nationalgeographic.com","Basic","2028-06-01","2029-06-01","St. John's","Newfoundland and Labrador"
471,"Pepillo","Beaumont","pbeaumont1u@free.fr","Standard","2028-07-15","2029-01-15","St. John's","Newfoundland and Labrador"
472,"Hill","MacDowall","hmacdowall1v@deviantart.com","Premium","2028-08-10","2029-08-10","St. John's","Newfoundland and Labrador"
473,"Jerrold","Gogerty","jgogerty1w@wp.com","Student","2028-09-01","2028-12-01","St. John's","Newfoundland and Labrador"
474,"Georgy","Ambler","gambler1x@over-blog.com","Senior","2028-10-20","2029-10-20","St. John's","Newfoundland and Labrador"
475,"Waverley","Ankers","wankers1y@mozilla.org","Basic","2028-11-01","2029-11-01","St. John's","Newfoundland and Labrador"
476,"Ailene","Burghill","aburghill1z@google.es","Standard","2028-12-15","2029-06-15","Mount Pearl","Newfoundland and Labrador"
477,"Hercule","Spain-Gower","hspaingower20@t.co","Premium","2029-01-10","2030-01-10","Mount Pearl","Newfoundland and Labrador"
478,"Salvador","McGerr","smcgerr21@fema.gov","Student","2029-02-01","2029-06-01","St. John's","Newfoundland and Labrador"
479,"Leoline","Pellew","lpellew22@army.mil","Senior","2029-03-20","2030-03-20","St. John's","Newfoundland and Labrador"
480,"Gisela","Rankin","grankin23@indiegogo.com","Basic","2029-04-01","2030-04-01","St. John's","Newfoundland and Labrador"
481,"Viv","Gair","vgair24@biblegateway.com","Standard","2029-05-15","2029-11-15","Mount Pearl","Newfoundland and Labrador"
482,"Flora","Pickervance","fpickervance25@usda.gov","Premium","2029-06-10","2030-06-10","St. John's","Newfoundland and Labrador"
483,"Clark","Ivashintsov","civashintsov26@wufoo.com","Student","2029-07-01","2029-11-01","St. John's","Newfoundland and Labrador"
484,"Wilhelmine","Brussels","wbrussels27@cnet.com","Senior","2029-08-20","2030-08-20","St. John's","Newfoundland and Labrador"
485,"Poul","Rowcastle","prowcastle28@howstuffworks.com","Basic","2029-09-01","2030-09-01","St. John's","Newfoundland and Labrador"
486,"Tracie","Houlden","thoulden29@nsw.gov.au","Standard","2029-10-15","2030-04-15","St. John's","Newfoundland and Labrador"
487,"Currie","Dearth","cdearth2a@goo.ne.jp","Premium","2029-11-10","2030-11-10","St. John's","Newfoundland and Labrador"
488,"Debi","Meeke","dmeeke2b@plala.or.jp","Student","2029-12-01","2030-04-01","St. John's","Newfoundland and Labrador"
489,"Robinette","Walewicz","rwalewicz2c@apache.org","Senior","2030-01-20","2031-01-20","St. John's","Newfoundland and Labrador"
490,"Godfree","Keveren","gkeveren2d@google.cn","Basic","2030-02-01","2031-02-01","Mount Pearl","Newfoundland and Labrador"
491,"Halette","Redmire","hredmire2e@skyrock.com","Standard","2030-03-15","2030-09-15","Mount Pearl","Newfoundland and Labrador"
492,"Lurette","Chillingsworth","lchillingsworth2f@e-recht24.de","Premium","2030-04-10","2031-04-10","St. John's","Newfoundland and Labrador"
493,"Phelia","Steynor","psteynor2g@vistaprint.com","Student","2030-05-01","2030-09-01","St. John's","Newfoundland and Labrador"
494,"Bowie","Mc Dermid","bmcdermid2h@examiner.com","Senior","2030-06-20","2031-06-20","St. John's","Newfoundland and Labrador"
495,"Birgitta","Chalkly","bchalkly2i@flickr.com","Basic","2030-07-01","2031-07-01","Mount Pearl","Newfoundland and Labrador"
496,"Cornela","Simonnot","csimonnot2j@angelfire.com","Standard","2030-08-15","2031-02-15","St. John's","Newfoundland and Labrador"
497,"Oona","Creeber","ocreeber2k@prweb.com","Premium","2030-09-10","2031-09-10","St. John's","Newfoundland and Labrador"
498,"Julie","Tapner","jtapner2l@utexas.edu","Student","2030-10-01","2031-02-01","St. John's","Newfoundland and Labrador"
499,"Cinnamon","Cowlishaw","ccowlishaw2m@storify.com","Senior","2030-11-20","2031-11-20","St. John's","Newfoundland and Labrador"
500,"Claretta","Trowl","ctrowl2n@timesonline.co.uk","Basic","2030-12-01","2031-12-01","St. John's","Newfoundland and Labrador"
501,"Jeremias","Lambricht","jlambricht2o@multiply.com","Standard","2031-01-15","2031-07-15","St. John's","Newfoundland and Labrador"
502,"Stephie","Ahmad","sahmad2p@technorati.com","Premium","2031-02-10","2032-02-10","St. John's","Newfoundland and Labrador"
503,"Dov","Pietersen","dpietersen2q@squarespace.com","Student","2031-03-01","2031-07-01","St. John's","Newfoundland and Labrador"
504,"Daffi","Ciubutaro","dciubutaro2r@blogs.com","Senior","2031-04-20","2032-04-20","Mount Pearl","Newfoundland and Labrador"
505,"Elliott","McCarry","emccarry2s@hc360.com","Basic","2031-05-01","2032-05-01","Mount Pearl","Newfoundland and Labrador"
506,"Angelia","Petras","apetras2t@wp.com","Standard","2031-06-15","2031-12-15","St. John's","Newfoundland and Labrador"
507,"Lane","Chard","lchard2u@vk.com","Premium","2031-07-10","2032-07-10","St. John's","Newfoundland and Labrador"
508,"Essie","Wormstone","ewormstone2v@webeden.co.uk","Student","2031-08-01","2031-12-01","St. John's","Newfoundland and Labrador"
509,"Stepha","Starbuck","sstarbuck2w@woothemes.com","Senior","2031-09-20","2032-09-20","St. John's","Newfoundland and Labrador"
510,"Corene","Andre","candre2x@jimdo.com","Basic","2031-10-01","2032-10-01","St. John's","Newfoundland and Labrador"
511,"Sigismondo","Kerridge","skerridge2y@cbslocal.com","Standard","2031-11-15","2032-05-15","St. John's","Newfoundland and Labrador"
512,"Care","Rowles","crowles2z@blinklist.com","Premium","2031-12-10","2032-12-10","St. John's","Newfoundland and Labrador"
513,"Dinnie","Lunney","dlunney30@webeden.co.uk","Student","2032-01-01","2032-05-01","St. John's","Newfoundland and Labrador"
514,"Dominic","Hablot","dhablot31@tinypic.com","Senior","2032-02-20","2033-02-20","St. John's","Newfoundland and Labrador"
515,"Laetitia","Sealand","lsealand32@thetimes.co.uk","Basic","2032-03-01","2033-03-01","Paradise","Newfoundland and Labrador"
516,"Syd","Buten","sbuten33@webeden.co.uk","Standard","2032-04-15","2032-10-15","Paradise","Newfoundland and Labrador"
517,"Sonnie","Bales","sbales34@webeden.co.uk","Premium","2032-05-10","2033-05-10","St. John's","Newfoundland and Labrador"
518,"Dell","Farfoot","dfarfoot35@posterous.com","Student","2032-06-01","2032-10-01","St. John's","Newfoundland and Labrador"
519,"Clemmy","Lancaster","clancaster36@nasa.gov","Senior","2032-07-20","2033-07-20","St. John's","Newfoundland and Labrador"
520,"Bobbye","Keningley","bkeningley37@simplemachines.org","Basic","2032-08-01","2033-08-01","St. John's","Newfoundland and Labrador"
521,"Huey","Taggert","htaggert38@hhs.gov","Standard","2032-09-15","2033-03-15","St. John's","Newfoundland and Labrador"
522,"Jerrine","Chilley","jchilley39@twitpic.com","Premium","2032-10-10","2033-10-10","St. John's","Newfoundland and Labrador"
523,"Caralie","Wimms","cwimms3a@imgur.com","Student","2032-11-01","2033-03-01","St. John's","Newfoundland and Labrador"
524,"Francyne","Levermore","flevermore3b@cyberchimps.com","Senior","2032-12-20","2033-12-20","St. John's","Newfoundland and Labrador"
525,"Corey","Scartifield","cscartifield3c@washington.edu","Basic","2033-01-01","2034-01-01","St. John's","Newfoundland and Labrador"
526,"Rockey","Dohr","rdohr3d@amazon.co.uk","Standard","2033-02-15","2033-08-15","St. John's","Newfoundland and Labrador"
527,"Karen","Kristiansen","kkristiansen3e@wp.com","Premium","2033-03-10","2034-03-10","St. John's","Newfoundland and Labrador"
528,"Esme","Rosling","erosling3f@slate.com","Student","2033-04-01","2033-08-01","St. John's","Newfoundland and Labrador"
529,"Beitris","Currm","bcurrm3g@blinklist.com","Senior","2033-05-20","2034-05-20","St. John's","Newfoundland and Labrador"
530,"Buckie","Sterricker","bsterricker3h@google.co.jp","Basic","2033-06-01","2034-06-01","St. John's","Newfoundland and Labrador"
531,"Kippie","Kiffe","kkiffe3i@jalbum.net","Standard","2033-07-15","2034-01-15","St. John's","Newfoundland and Labrador"
532,"Edgardo","Worsnup","eworsnup3j@alibaba.com","Premium","2033-08-10","2034-08-10","St. John's","Newfoundland and Labrador"
533,"Lars","Greenly","lgreenly3k@webeden.co.uk","Student","2033-09-01","2033-12-01","St. John's","Newfoundland and Labrador"
534,"Dario","Rostron","drostron3l@hibu.com","Senior","2033-10-20","2034-10-20","St. John's","Newfoundland and Labrador"
535,"Luce","Waghorne","lwaghorne3m@cisco.com","Basic","2033-11-01","2034-11-01","St. John's","Newfoundland and Labrador"
536,"Vale","Mottinelli","vmottinelli3n@hp.com","Standard","2033-12-15","2034-06-15","St. John's","Newfoundland and Labrador"
537,"Roana","Dillinton","rdillinton3o@acquirethisname.com","Premium","2034-01-10","2035-01-10","St. John's","Newfoundland and Labrador"
538,"Britt","Minchinden","bminchinden3p@apple.com","Student","2034-02-01","2034-06-01","St. John's","Newfoundland and Labrador"
539,"Leontyne","Crickmore","lcrickmore3q@newyorker.com","Senior","2034-03-20","2035-03-20","St. John's","Newfoundland and Labrador"
540,"Penelope","Greatrex","pgreatrex3r@mapquest.com","Basic","2034-04-01","2035-04-01","St. John's","Newfoundland and Labrador"
541,"Malynda","Vasyunkin","mvasyunkin3s@answers.com","Standard","2034-05-15","2034-11-15","Mount Pearl","Newfoundland and Labrador"
542,"Carmela","Yakobovitz","cyakobovitz3t@blogger.com","Premium","2034-06-10","2035-06-10","Mount Pearl","Newfoundland and Labrador"
543,"Culley","Brazier","cbrazier3u@ed.gov","Student","2034-07-01","2034-11-01","St. John's","Newfoundland and Labrador"
544,"Dayle","Curnok","dcurnok3v@dropbox.com","Senior","2034-08-20","2035-08-20","St. John's","Newfoundland and Labrador"
545,"Holly-anne","Deplacido","hdeplacido3w@goo.gl","Basic","2034-09-01","2035-09-01","Charlottetown","Prince Edward Island"
546,"Gwennie","Bernhardi","gbernhardi3x@discuz.net","Standard","2034-10-15","2035-04-15","Summerside","Prince Edward Island"
547,"Kippie","Janous","kjanous3y@fc2.com","Premium","2034-11-10","2035-11-10","Stratford","Prince Edward Island"
548,"Pavlov","Worcs","pworcs3z@who.int","Student","2034-12-01","2035-04-01","Montague","Prince Edward Island"
549,"Delaney","Gaughan","dgaughan40@behance.net","Senior","2035-01-20","2036-01-20","Souris","Prince Edward Island"
550,"Ann","Dawtrey","adawtrey41@answers.com","Basic","2035-02-01","2036-02-01","Halifax","Nova Scotia"
551,"Dennie","Hailes","dhailes42@bigcartel.com","Standard","2035-03-15","2035-09-15","Halifax","Nova Scotia"
552,"Tyne","Struther","tstruther43@diigo.com","Premium","2035-04-10","2036-04-10","Dartmouth","Nova Scotia"
553,"Ivette","Cortin","icortin44@reverbnation.com","Student","2035-05-01","2035-09-01","Sydney","Nova Scotia"
554,"Wainwright","Schumacher","wschumacher45@gnu.org","Senior","2035-06-20","2036-06-20","Truro","Nova Scotia"
555,"Tedd","Gwin","tgwin46@ovh.net","Basic","2035-07-01","2036-07-01","Fredericton","New Brunswick"
556,"Enrichetta","Plaister","eplaister47@geocities.com","Standard","2035-08-15","2036-02-15","Moncton","New Brunswick"
557,"Patric","Woolmington","pwoolmington48@amazon.com","Premium","2035-09-10","2036-09-10","Saint John","New Brunswick"
558,"Shaina","Dew","sdew49@eventbrite.com","Student","2035-10-01","2036-02-01","Miramichi","New Brunswick"
559,"Grannie","McAuley","gmcauley4a@tripadvisor.com","Senior","2035-11-20","2036-11-20","Edmundston","New Brunswick"
560,"Somerset","Puddan","spuddan4b@topsy.com","Basic","2035-12-01","2036-12-01","Montreal","Quebec"
561,"Sophia","Fransman","sfransman4c@github.com","Standard","2036-01-15","2036-07-15","Quebec City","Quebec"
562,"Kile","Maps","kmaps4d@ycombinator.com","Premium","2036-02-10","2037-02-10","Sherbrooke","Quebec"
563,"Carmencita","Lillee","clillee4e@reuters.com","Student","2036-03-01","2036-07-01","Chicoutimi","Quebec"
564,"Burtie","Coverley","bcoverley4f@google.pl","Senior","2036-04-20","2037-04-20","Gatineau","Quebec"
565,"Maren","Eger","meger4g@mayoclinic.com","Basic","2036-05-01","2037-05-01","Toronto","Ontario"
566,"Eugen","Burchatt","eburchatt4h@clickbank.net","Standard","2036-06-15","2036-12-15","Ottawa","Ontario"
567,"Kessiah","Hathaway","khathaway4i@scribd.com","Premium","2036-07-10","2037-07-10","London","Ontario"
568,"Marya","Cavilla","mcavilla4j@mac.com","Student","2036-08-01","2036-12-01","Hamilton","Ontario"
569,"Salvatore","Pepler","spepler4k@pcworld.com","Senior","2036-09-20","2037-09-20","Windsor","Ontario"
570,"Jarrod","Syrie","jsyrie4l@hugedomains.com","Basic","2036-10-01","2037-10-01","Winnipeg","Manitoba"
571,"Erin","Bonnick","ebonnick4m@linkedin.com","Standard","2036-11-15","2037-05-15","Brandon","Manitoba"
572,"Koenraad","Freschi","kfreschi4n@va.gov","Premium","2036-12-10","2037-12-10","Portage la Prairie","Manitoba"
573,"Sigismundo","Biddiss","sbiddiss4o@omniture.com","Student","2037-01-01","2037-05-01","Dauphin","Manitoba"
574,"Humfrid","Isaksson","hisaksson4p@stumbleupon.com","Senior","2037-02-20","2038-02-20","Flin Flon","Manitoba"
575,"Karalynn","Comar","kcomar4q@economist.com","Basic","2037-03-01","2038-03-01","Saskatoon","Saskatchewan"
576,"Pat","Armes","parmes4r@cocolog-nifty.com","Standard","2037-04-15","2037-10-15","Regina","Saskatchewan"
577,"Enoch","Fatkin","efatkin4s@storify.com","Premium","2037-05-10","2038-05-10","Prince Albert","Saskatchewan"
578,"Fern","Ellesworth","fellesworth4t@networksolutions.com","Student","2037-06-01","2037-10-01","Moose Jaw","Saskatchewan"
579,"Brandice","Meeron","bmeeron4u@mapquest.com","Senior","2037-07-20","2038-07-20","Yorkton","Saskatchewan"
580,"Parry","Haliday","phaliday4v@blogtalkradio.com","Basic","2037-08-01","2038-08-01","Calgary","Alberta"
581,"Rosemonde","Lavens","rlavens4w@bbb.org","Standard","2037-09-15","2038-03-15","Edmonton","Alberta"
582,"Anna-diane","Glanders","aglanders4x@guardian.co.uk","Premium","2037-10-10","2038-10-10","Red Deer","Alberta"
583,"Garwood","Andover","gandover4y@ocn.ne.jp","Student","2037-11-01","2038-03-01","Lethbridge","Alberta"
584,"Koo","Ducket","kducket4z@hostgator.com","Senior","2037-12-20","2038-12-20","Fort McMurray","Alberta"
585,"Victoria","Bruckman","vbruckman50@amazon.de","Basic","2038-01-01","2039-01-01","Vancouver","British Columbia"
586,"Ezekiel","Cresswell","ecresswell51@phpbb.com","Standard","2038-02-15","2038-08-15","Victoria","British Columbia"
587,"Batsheva","Beese","bbeese52@sphinn.com","Premium","2038-03-10","2039-03-10","Kelowna","British Columbia"
588,"Josiah","Wimmers","jwimmers53@deliciousdays.com","Student","2038-04-01","2038-08-01","Prince George","British Columbia"
589,"Tabina","Andretti","tandretti54@intel.com","Senior","2038-05-20","2039-05-20","Nelson","British Columbia"
590,"Carmelina","Tamas","ctamas55@cbc.ca","Basic","2038-06-01","2039-06-01","Whitehorse","Yukon"
591,"Grete","Farry","gfarry56@github.com","Standard","2038-07-15","2039-01-15","Dawson City","Yukon"
592,"Zora","Fice","zfice57@cbslocal.com","Premium","2038-08-10","2039-08-10","Carcross","Yukon"
593,"Regina","Nealy","rnealy58@sohu.com","Student","2038-09-01","2038-12-01","Watson Lake","Yukon"
594,"Royce","Lunam","rlunam59@scientificamerican.com","Senior","2038-10-20","2039-10-20","Faro","Yukon"
595,"Shaun","Pargetter","spargetter5a@cdc.gov","Basic","2038-11-01","2039-11-01","Yellowknife","Northwest Territories"
596,"Shanan","Cockren","scockren5b@tiny.cc","Standard","2038-12-15","2039-06-15","Inuvik","Northwest Territories"
597,"Renaldo","Stait","rstait5c@icq.com","Premium","2039-01-10","2040-01-10","Hay River","Northwest Territories"
598,"Lilias","Wilds","lwilds5d@tuttocitta.it","Student","2039-02-01","2039-06-01","Fort Smith","Northwest Territories"
599,"Ignatius","Jeannel","ijeannel5e@microsoft.com","Senior","2039-03-20","2040-03-20","Norman Wells","Northwest Territories"
600,"Hortensia","Praten","hpraten5f@go.com","Basic","2039-04-01","2040-04-01","Iqaluit","Nunavut"
601,"Sharona","Bushel","sbushel5g@altervista.org","Standard","2039-05-15","2039-11-15","Rankin Inlet","Nunavut"
602,"Harwell","Vaud","hvaud5h@desdev.cn","Premium","2039-06-10","2040-06-10","Cambridge Bay","Nunavut"
603,"Gayelord","Earland","gearland5i@instagram.com","Student","2039-07-01","2039-11-01","Pond Inlet","Nunavut"
604,"Marthe","Briand","mbriand5j@simplemachines.org","Senior","2039-08-20","2040-08-20","Pangnirtung","Nunavut"
